[{"key":"*523资源","name":"*523资源","type":1,"api":"https://caiji.523zyw.com/inc/apijson_vod.php","searchable":0,"quickSearch":0},
{"key":"*丝袜资源","name":"*丝袜资源","type":1,"api":"https://siwazyw.cc/api.php/provide/vod/","searchable":0,"quickSearch":0},
{"key":"*芒果资源","name":"*芒果资源","type":1,"api":"https://mgzyz1.com/api.php/provide/vod/","searchable":0,"quickSearch":0},
{"key":"*乐鱼资源","name":"*乐鱼资源","type":1,"api":"https://www.leyuzyapi.com/inc/apijson_vod.php","searchable":0,"quickSearch":0},
{"key":"*水蜜桃","name":"*水蜜桃","type":1,"api":"https://smt999.cc/api.php/provide/vod/","searchable":0,"quickSearch":0},
{"key":"*三级片资源","name":"*三级片资源","type":1,"api":"https://caiji.jjjzy.cc/inc/apijson_vod.php","searchable":0,"quickSearch":0},
{"key":"*秀色资源","name":"*秀色资源","type":1,"api":"https://api.xiuseapi.com/api.php/provide/vod/","searchable":0,"quickSearch":0},
{"key":"*探探资源","name":"*探探资源","type":1,"api":"https://apittzy.com/api.php/provide/vod/","searchable":0,"quickSearch":0},
{"key":"*色猫资源","name":"*色猫资源","type":1,"api":"https://api.maozyapi.com/inc/apijson_vod.php","searchable":0,"quickSearch":0},
{"key":"*草莓资源","name":"*草莓资源","type":1,"api":"https://caiji.caomeiapi.com/inc/apijson_vod.php","searchable":0,"quickSearch":0},
{"key":"*草莓2","name":"*草莓2","type":1,"api":"http://192.154.101.146:8888/inc/api.php","searchable":0,"quickSearch":0},
{"key":"*爱看资源","name":"*爱看资源","type":1,"api":"http://www.aikanzyz9.com/inc/apijson_vod.php","searchable":0,"quickSearch":0},
{"key":"*花魁资源","name":"*花魁资源","type":1,"api":"https://caiji.huakuiapi.com/inc/apijson_vod.php","searchable":0,"quickSearch":0},
{"key":"*葡萄资源","name":"*葡萄资源","type":1,"api":"https://api.putaozy.net/inc/apijson_vod.php","searchable":0,"quickSearch":0},
{"key":"*色窝资源","name":"*色窝资源","type":1,"api":"https://sewozyapi.com/api.php/provide/vod/","searchable":0,"quickSearch":0},
{"key":"*淫窝资源","name":"*淫窝资源","type":1,"api":"https://api.yinwoapi.com/api.php/provide/vod/","searchable":0,"quickSearch":0},
{"key":"*国色资源","name":"*国色资源","type":1,"api":"https://api.guosezy.com/api.php/provide/vod/","searchable":0,"quickSearch":0},
{"key":"*金莲资源","name":"*金莲资源","type":1,"api":"https://111kkkkk.com/api.php/provide/vod/","searchable":0,"quickSearch":0},
{"key":"*皇冠资源","name":"*皇冠资源","type":1,"api":"https://hghhh.com/api.php/provide/vod/","searchable":0,"quickSearch":0},
{"key":"*热巴资源","name":"*热巴资源","type":1,"api":"http://reba.aishunxs.com/api.php/provide/vod/","searchable":0,"quickSearch":0},
{"key":"*狼友资源","name":"*狼友资源","type":1,"api":"https://www.langyouzy.com/api.php/provide/vod/","searchable":0,"quickSearch":0},
{"key":"*香蕉视频","name":"*香蕉视频","type":1,"api":"https://ea111.cc/api.php/provide/vod/","searchable":0,"quickSearch":0},
{"key":"*色南国资源","name":"*色南国资源","type":1,"api":"https://api.sexnguon.com/api.php/provide/vod/","searchable":0,"quickSearch":0},
{"key":"*4000资源","name":"*4000资源","type":1,"api":"http://4000zy.com/api.php/provide/vod/","searchable":0,"quickSearch":0},
{"key":"*3366资源","name":"*3366资源","type":1,"api":"http://www.3366zy.com/api.php/provide/vod/","searchable":0,"quickSearch":0},
{"key":"*色屌丝资源","name":"*色屌丝资源","type":0,"api":"http://sdszyapi.com/home/cjapi/asbb/mc10/vod/xml","searchable":0,"quickSearch":0},
{"key":"*小姐姐资源","name":"*小姐姐资源","type":0,"api":"https://xjjzyapi.com/home/cjapi/askl/mc10/vod/xml","searchable":0,"quickSearch":0},
{"key":"*52AVAV","name":"*52AVAV","type":0,"api":"https://52zyapi.com/home/cjapi/asda/mc10/vod/xml","searchable":0,"quickSearch":0},
{"key":"*水帘洞资源","name":"*水帘洞资源","type":1,"api":"https://www.sldcaiji.com/home/cjapi/s6da/mc10/vod/json","searchable":0,"quickSearch":0},
{"key":"*我要啪啪","name":"*我要啪啪","type":0,"api":"http://www.caiji21.com/home/cjapi/klkl/mc10/vod/xml","searchable":0,"quickSearch":0},
{"key":"*AV集中淫","name":"*AV集中淫","type":0,"api":"https://www.caiji22.com/home/cjapi/klp0/mc10/vod/xml","searchable":0,"quickSearch":0},
{"key":"*夜夜撸资源","name":"*夜夜撸资源","type":0,"api":"https://www.caiji23.com/home/cjapi/kls6/mc10/vod/xml","searchable":0,"quickSearch":0},
{"key":"*大屌丝资源","name":"*大屌丝资源","type":0,"api":"http://www.caiji24.com/home/cjapi/p0d2/mc10/vod/xml","searchable":0,"quickSearch":0},
{"key":"*咪咪资源","name":"*咪咪资源","type":0,"api":"http://www.caiji25.com/home/cjapi/p0as/mc10/vod/xml","searchable":0,"quickSearch":0},
{"key":"*鲍鱼AV","name":"*鲍鱼AV","type":0,"api":"http://caiji26.com/home/cjapi/p0g8/mc10/vod/xml","searchable":0,"quickSearch":0},
{"key":"*精工厂资源","name":"*精工厂资源","type":0,"api":"https://jgczyapi.com/home/cjapi/kld2/mc10/vod/xml","searchable":0,"quickSearch":0},
{"key":"*点点娱乐","name":"*点点娱乐","type":0,"api":"https://xx55zyapi.com/home/cjapi/ascf/mc10/vod/xml","searchable":0,"quickSearch":0},
{"key":"*淫人妻资源","name":"*淫人妻资源","type":1,"api":"http://www.yrqcaiji.com/home/cjapi/s6c7/mc10/vod/json","searchable":0,"quickSearch":0},
{"key":"*小处女资源","name":"*小处女资源","type":1,"api":"http://xcncaiji.com/home/cjapi/s6bb/mc10/vod/json","searchable":0,"quickSearch":0},
{"key":"*大MM资源","name":"*大MM资源","type":0,"api":"https://www.dmmapi.com/home/cjapi/asd2c7/mc10/vod/xml","searchable":0,"quickSearch":0},
{"key":"*老司鸡资源","name":"*老司鸡资源","type":1,"api":"https://www.lsjapi.com/home/cjapi/asd2g8/mc10/vod/json","searchable":0,"quickSearch":0},
{"key":"*黄瓜TV资源","name":"*黄瓜TV资源","type":0,"api":"https://www.caiji10.com/home/cjapi/cfs6/mc10/vod/xml","searchable":0,"quickSearch":0},
{"key":"*快播盒子资源","name":"*快播盒子资源","type":0,"api":"https://www.caiji09.com/home/cjapi/cfp0/mc10/vod/xml","searchable":0,"quickSearch":0},
{"key":"*大香蕉资源","name":"*大香蕉资源","type":0,"api":"https://www.caiji08.com/home/cjapi/cfkl/mc10/vod/xml","searchable":0,"quickSearch":0},
{"key":"*日本AV在线","name":"*日本AV在线","type":0,"api":"https://www.caiji07.com/home/cjapi/cfcf/mc10/vod/xml","searchable":0,"quickSearch":0},
{"key":"*久久热在线","name":"*久久热在线","type":0,"api":"https://www.caiji06.com/home/cjapi/cfbb/mc10/vod/xml","searchable":0,"quickSearch":0},
{"key":"*青青草视频","name":"*青青草视频","type":0,"api":"https://www.caiji05.com/home/cjapi/cfda/mc10/vod/xml","searchable":0,"quickSearch":0},
{"key":"*麻豆视频","name":"*麻豆视频","type":0,"api":"https://www.caiji04.com/home/cjapi/cfc7/mc10/vod/xml","searchable":0,"quickSearch":0},
{"key":"*一本道资源","name":"*一本道资源","type":0,"api":"https://www.caiji03.com/home/cjapi/cfg8/mc10/vod/xml","searchable":0,"quickSearch":0},
{"key":"*草榴视频","name":"*草榴视频","type":0,"api":"https://www.caiji02.com/home/cjapi/cfas/mc10/vod/xml","searchable":0,"quickSearch":0},
{"key":"*亚洲成人在线","name":"*亚洲成人在线","type":0,"api":"https://www.caiji01.com/home/cjapi/cfd2/mc10/vod/xml","searchable":0,"quickSearch":0},
{"key":"*天噜啦资源","name":"*天噜啦资源","type":0,"api":"http://www.987caiji.com/api/max.php","searchable":0,"quickSearch":0},
{"key":"*99资源","name":"*99资源","type":1,"api":"http://99zy.pw/api.php/provide/vod/","searchable":0,"quickSearch":0},
{"key":"*010爱资源","name":"*010爱资源","type":0,"api":"http://www.010aizy.com/API/macs.php","searchable":0,"quickSearch":0},
{"key":"*抖阴视频","name":"*抖阴视频","type":1,"api":"https://www.888dav.com/api.php/provide/vod/","searchable":0,"quickSearch":0},
{"key":"*麻豆视频2","name":"*麻豆视频2","type":1,"api":"https://madouse.la/api.php/provide/vod/","searchable":0,"quickSearch":0},
{"key":"*蛋蛋视频","name":"*蛋蛋视频","type":1,"api":"https://156.249.29.8/inc/apijson_vod.php","searchable":0,"quickSearch":0},
{"key":"*91麻豆","name":"*91麻豆","type":1,"api":"https://91md.me/api.php/provide/vod/","searchable":0,"quickSearch":0},
{"key":"*浪潮资源","name":"*浪潮资源","type":1,"api":"http://langchaozy11.com/api.php/provide/vod/","searchable":0,"quickSearch":0},
{"key":"*酷豆资源","name":"*酷豆资源","type":1,"api":"https://kudouzy.com/api.php/provide/vod/","searchable":0,"quickSearch":0},
{"key":"*酷豆2","name":"*酷豆2","type":1,"api":"https://api.kdapi.info/api.php/provide/vod/","searchable":0,"quickSearch":0},
{"key":"*酷伦理","name":"*酷伦理","type":1,"api":"https://api.kudian70.com/api.php/provide/vod/","searchable":0,"quickSearch":0},
{"key":"*影库资源","name":"*影库资源","type":1,"api":"https://api.ykapi.net/api.php/provide/vod/","searchable":0,"quickSearch":0},
{"key":"*奶茶资源","name":"*奶茶资源","type":1,"api":"https://caiji.naichaapi.com/inc/apijson_vod.php","searchable":0,"quickSearch":0},
{"key":"*爱播资源","name":"*爱播资源","type":1,"api":"https://cj.apiabzy.com/api.php/provide/vod/","searchable":0,"quickSearch":0},
{"key":"*美少女资源","name":"*美少女资源","type":0,"api":"https://www.msnii.com/api/xml.php","searchable":0,"quickSearch":0},
{"key":"*淫水机资源","name":"*淫水机资源","type":0,"api":"https://www.xrbsp.com/api/xml.php","searchable":0,"quickSearch":0},
{"key":"*香奶儿资源","name":"*香奶儿资源","type":0,"api":"https://www.gdlsp.com/api/xml.php","searchable":0,"quickSearch":0},
{"key":"*白嫖资源","name":"*白嫖资源","type":0,"api":"https://www.kxgav.com/api/xml.php","searchable":0,"quickSearch":0},
{"key":"*小湿妹资源","name":"*小湿妹资源","type":0,"api":"https://www.afasu.com/api/xml.php","searchable":0,"quickSearch":0},
{"key":"*黄AV资源","name":"*黄AV资源","type":1,"api":"https://www.pgxdy.com/api/json.php","searchable":0,"quickSearch":0},
{"key":"*大地资源","name":"*大地资源","type":0,"api":"https://dadiapi.com/api.php","searchable":0,"quickSearch":0},
{"key":"*CK资源","name":"*CK资源","type":1,"api":"http://www.feifei67.com/api.php/provide/vod/","searchable":0,"quickSearch":0},
{"key":"*老鸭资源","name":"*老鸭资源","type":1,"api":"https://api.apilyzy.com/api.php/provide/vod/","searchable":0,"quickSearch":0},
{"key":"*老鸭TV","name":"*老鸭TV","type":1,"api":"https://laoyatv.com/api.php/provide/vod/","searchable":0,"quickSearch":0},
{"key":"*花椒资源","name":"*花椒资源","type":1,"api":"https://apihjzy.com/api.php/provide/vod/","searchable":0,"quickSearch":0},
{"key":"*辣椒资源","name":"*辣椒资源","type":1,"api":"https://apilj.com/api.php/provide/vod/at/json/","searchable":0,"quickSearch":0},
{"key":"*乐播资源","name":"*乐播资源","type":1,"api":"https://lbapi9.com/api.php/provide/vod/","searchable":0,"quickSearch":0},
{"key":"*博天堂","name":"*博天堂","type":0,"api":"http://bttcj.com/inc/sapi.php","searchable":0,"quickSearch":0},
{"key":"*环亚资源","name":"*环亚资源","type":0,"api":"http://wmcj8.com/inc/sapi.php","searchable":0,"quickSearch":0},
{"key":"*JAV名优馆","name":"*JAV名优馆","type":0,"api":"http://mygzycj.com/api.php?ac=videolist","searchable":0,"quickSearch":0},
{"key":"*AVZY898资源","name":"*AVZY898资源","type":1,"api":"http://avzy898.com/inc/apijson_vod.php","searchable":0,"quickSearch":0},
{"key":"*色色资源","name":"*色色资源","type":0,"api":"http://secj8.com/inc/sapi.php?ac=videolist","searchable":0,"quickSearch":0},
{"key":"*玖玖资源","name":"*玖玖资源","type":0,"api":"http://99zywcj.com/inc/sapi.php?ac=videolist","searchable":0,"quickSearch":0},
{"key":"*久草资源","name":"*久草资源","type":0,"api":"http://jcspcj8.com/api?ac=videolist","searchable":0,"quickSearch":0},
{"key":"*狼少年","name":"*狼少年","type":0,"api":"http://cjmygzy.com/inc/sapi.php?ac=videolist","searchable":0,"quickSearch":0},
{"key":"*富二代资源","name":"*富二代资源","type":0,"api":"http://f2dcj6.com/sapi?ac=videolist","searchable":0,"quickSearch":0},
{"key":"*字幕网","name":"*字幕网","type":0,"api":"http://zmcj88.com/sapi?ac=videolist","searchable":0,"quickSearch":0},
{"key":"*利来资源","name":"*利来资源","type":0,"api":"http://llzxcj.com/inc/sck.php?ac=videolist","searchable":0,"quickSearch":0},
{"key":"*佳丽资源","name":"*佳丽资源","type":1,"api":"http://www.jializyzapi.com/api.php/provide/vod/","searchable":0,"quickSearch":0},
{"key":"*番号资源","name":"*番号资源","type":1,"api":"http://fhapi9.com/api.php/provide/vod/","searchable":0,"quickSearch":0},
{"key":"*鲨鱼资源","name":"*鲨鱼资源","type":1,"api":"https://shayuapi.com/api.php/provide/vod/","searchable":0,"quickSearch":0},
{"key":"*速度资源","name":"*速度资源","type":0,"api":"http://www.ggmmzy.com:9999/inc/xml","searchable":0,"quickSearch":0},
{"key":"*KK写真资源","name":"*KK写真资源","type":1,"api":"https://kkzy.me/api.php/provide/vod/","searchable":0,"quickSearch":0},
{"key":"*61783","name":"*61783","type":1,"api":"https://61783.xyz/api.php/provide/art/","searchable":0,"quickSearch":0}
  ]